title,brand,model,barcode,pack_size,retailer,url,price,original_displayed_price,sale_end_date,stock_status
Eiger Ceramic Steam Iron EG-GCSI07,Eiger,EG-GCSI07,,Each,Game,https://www.game.co.za/Home-Appliances/Kitchen-Small-Appliances/Irons-Accessories/p/000000000850025701,410,599,2026-12-31T21:59:59.000Z,low_stock
Salton 6L Electric Pressure Cooker SEPC02,Salton,SEPC02,,6 L,Game,https://www.game.co.za/Home-Appliances/Kitchen-Large-Appliances/Slow-Cookers-Steamers-Food-Warmers/p/000000000000833416,960,1399,2026-12-31T21:59:59.000Z,in_stock
Goldair Buffet Warming Tray GBWT-6020,Goldair,GBWT-6020,,Each,Game,https://www.game.co.za/Home-Appliances/Kitchen-Large-Appliances/Slow-Cookers-Steamers-Food-Warmers/p/000000000850015861,570,899,2026-12-31T21:59:59.000Z,low_stock
Russell Hobbs Cordless Hand Mixer RHCHM,Russell Hobbs,RHCHM,,Each,Game,https://www.game.co.za/Home-Appliances/Kitchen-Small-Appliances/Mixers-Blenders-Juicers/p/000000000850009551,710,1399,2026-12-31T21:59:59.000Z,low_stock
Goldair Multi-Function Cooker GUMP-700,Goldair,GUMP-700,,Each,Game,https://www.game.co.za/Home-Appliances/Kitchen-Small-Appliances/Mixers-Blenders-Juicers/p/000000000850015830,810,1399,2026-12-31T21:59:59.000Z,low_stock
Milex MBM001 Bread Maker,Milex,MBM001,,Each,Makro,https://www.makro.co.za/milex-mbm001-bread-maker/p/itmf2384dffe58fa,2298,3499,,in_stock
Defy WK5100JS 1.7L Kettle,Defy,WK5100JS,,1.7 L,Makro,https://www.makro.co.za/defy-wk5100js-electric-kettle/p/itmb4262190ba893,299,399,,low_stock
Boden Stark Anson 4-Slice Toaster,Boden Stark,Anson Collection 4 Slice SS,,4 slice,Makro,https://www.makro.co.za/boden-stark-anson-collection-4-slice-ss-1850-w-electric-pop-up-toaster/p/itmf940f5ab170d0,1009,1299,,low_stock
Boden Stark Anson 1.7L Kettle,Boden Stark,Anson Collection 2000w SS,,1.7 L,Makro,https://www.makro.co.za/boden-stark-anson-collection-2000w-ss-electric-kettle/p/itmf4bf3909d939f,659,899,,low_stock
Huawei Band 11 Smartwatch Black,HUAWEI,Band 11,,Black strap,Makro,https://www.makro.co.za/huawei-band-11-smartwatch/p/itm4fc3081f461dd,798,1499,,low_stock
